Repository,ReportHref,Directory,SourceLineCount,KLoc,Query,QueryType,ExpectedResultCount,GrepAlgorithmName,TgrepAlgorithmName,IdealLspAlgorithmName,CurrentLspAlgorithmName,GrepResultCount,TgrepResultCount,IdealLspResultCount,CurrentLspResultCount,SolutionLoadMilliseconds,TgrepIndexMilliseconds,GrepMilliseconds,TgrepMilliseconds,TgrepWithIndexMilliseconds,IdealLspMilliseconds,IdealLspWithSolutionLoadMilliseconds,CurrentLspMilliseconds,CurrentLspWithSolutionLoadMilliseconds,RoslynWorkspacePartial
error-or,result-error-or.html,C:\repos\error-or,4657,4.657,find-derived-types (name: IErrorOr),find-derived-types,9,find-derived-types-grep,find-derived-types-tgrep,roslyn-find-derived-types (pass 2),roslyn-find-derived-types (pass 2),7,7,9,9,6978.4111000000003,297.53109999999998,522.58029999999997,50.193199999999997,347.72429999999997,0.54669999999999996,6978.9578000000001,0.54669999999999996,6978.9578000000001,FALSE
error-or,result-error-or.html,C:\repos\error-or,4657,4.657,find-interface-implementation (name: IErrorOr),find-interface-implementation,9,find-interface-implementation-grep,find-interface-implementation-tgrep,roslyn-find-implementations (pass 2),roslyn-find-implementations (pass 2),8,8,9,9,6978.4111000000003,297.53109999999998,525.90390000000002,47.717399999999998,345.24849999999998,0.3004,6978.7115000000003,0.3004,6978.7115000000003,FALSE
error-or,result-error-or.html,C:\repos\error-or,4657,4.657,find-member-definition (name: Match),find-member-definition,4,find-member-definition-grep,find-member-definition-tgrep,roslyn-find-member-declarations (pass 2),roslyn-find-member-declarations (pass 2),2,2,4,4,6978.4111000000003,297.53109999999998,550.94159999999999,44.080599999999997,341.61169999999998,0.92000000000000004,6979.3311000000003,0.92000000000000004,6979.3311000000003,FALSE
error-or,result-error-or.html,C:\repos\error-or,4657,4.657,find-member-definition (name: ToString),find-member-definition,1,find-member-definition-grep,find-member-definition-tgrep,roslyn-find-member-declarations (pass 2),roslyn-find-member-declarations (pass 2),2,2,1,1,6978.4111000000003,297.53109999999998,545.84050000000002,43.500700000000002,341.03179999999998,1.0508,6979.4619000000002,1.0508,6979.4619000000002,FALSE
error-or,result-error-or.html,C:\repos\error-or,4657,4.657,find-type-definition (name: Error),find-type-definition,1,find-type-definition-grep,find-type-definition-tgrep,roslyn-find-declarations (pass 2),roslyn-find-declarations-workspaceSymbol (pass 2),1,1,1,28,6978.4111000000003,297.53109999999998,537.91539999999998,71.389700000000005,368.92079999999999,2.3317999999999999,6980.7429000000002,5.4199999999999999,6983.8311000000003,FALSE
error-or,result-error-or.html,C:\repos\error-or,4657,4.657,find-type-definition (name: ErrorOr),find-type-definition,9,find-type-definition-grep,find-type-definition-tgrep,roslyn-find-declarations (pass 2),roslyn-find-declarations-workspaceSymbol (pass 2),9,9,9,22,6978.4111000000003,297.53109999999998,904.30150000000003,72.089799999999997,369.62090000000001,2.7336999999999998,6981.1448,10.6457,6989.0568000000003,FALSE
error-or,result-error-or.html,C:\repos\error-or,4657,4.657,find-type-definition (name: ErrorOrExtensions),find-type-definition,6,find-type-definition-grep,find-type-definition-tgrep,roslyn-find-declarations (pass 2),roslyn-find-declarations-workspaceSymbol (pass 2),6,6,6,6,6978.4111000000003,297.53109999999998,526.5145,41.929499999999997,339.4606,1.4541999999999999,6979.8653000000004,11.959899999999999,6990.3710000000001,FALSE
error-or,result-error-or.html,C:\repos\error-or,4657,4.657,find-type-definition (name: ErrorOrFactory),find-type-definition,1,find-type-definition-grep,find-type-definition-tgrep,roslyn-find-declarations (pass 2),roslyn-find-declarations-workspaceSymbol (pass 2),1,1,1,1,6978.4111000000003,297.53109999999998,526.13250000000005,41.401600000000002,338.93269999999995,0.80810000000000004,6979.2192000000005,2.4698000000000002,6980.8809000000001,FALSE
YoutubeExplode,result-youtubeexplode.html,C:\repos\YoutubeExplode,8899,8.8989999999999991,find-derived-types (name: Channel),find-derived-types,0,find-derived-types-grep,find-derived-types-tgrep,roslyn-find-derived-types (pass 2),roslyn-find-derived-types (pass 2),0,0,0,0,6652.0703999999996,167.55619999999999,590.07510000000002,66.945700000000002,234.50189999999998,1.8252999999999999,6653.8957,1.8252999999999999,6653.8957,FALSE
YoutubeExplode,result-youtubeexplode.html,C:\repos\YoutubeExplode,8899,8.8989999999999991,find-interface-implementation (name: ICipherOperation),find-interface-implementation,3,find-interface-implementation-grep,find-interface-implementation-tgrep,roslyn-find-implementations (pass 2),roslyn-find-implementations (pass 2),3,3,3,3,6652.0703999999996,167.55619999999999,609.59870000000001,45.757399999999997,213.31359999999998,2.1055999999999999,6654.1759999999995,2.1055999999999999,6654.1759999999995,FALSE
YoutubeExplode,result-youtubeexplode.html,C:\repos\YoutubeExplode,8899,8.8989999999999991,find-member-definition (name: Execute),find-member-definition,0,find-member-definition-grep,find-member-definition-tgrep,roslyn-find-member-declarations (pass 2),roslyn-find-member-declarations (pass 2),0,0,0,0,6652.0703999999996,167.55619999999999,614.24329999999998,42.785800000000002,210.34199999999998,1.0344,6653.1047999999992,1.0344,6653.1047999999992,FALSE
YoutubeExplode,result-youtubeexplode.html,C:\repos\YoutubeExplode,8899,8.8989999999999991,find-member-definition (name: GetAsync),find-member-definition,10,find-member-definition-grep,find-member-definition-tgrep,roslyn-find-member-declarations (pass 2),roslyn-find-member-declarations (pass 2),25,25,10,10,6652.0703999999996,167.55619999999999,689.85810000000004,51.568800000000003,219.125,2.0398999999999998,6654.1102999999994,2.0398999999999998,6654.1102999999994,FALSE
YoutubeExplode,result-youtubeexplode.html,C:\repos\YoutubeExplode,8899,8.8989999999999991,find-type-definition (name: ChannelClient),find-type-definition,1,find-type-definition-grep,find-type-definition-tgrep,roslyn-find-declarations (pass 2),roslyn-find-declarations-workspaceSymbol (pass 2),1,1,1,1,6652.0703999999996,167.55619999999999,694.5761,60.285499999999999,227.8417,4.2507999999999999,6656.3211999999994,17.599299999999999,6669.6696999999995,FALSE
YoutubeExplode,result-youtubeexplode.html,C:\repos\YoutubeExplode,8899,8.8989999999999991,find-type-definition (name: PlayerResponse),find-type-definition,4,find-type-definition-grep,find-type-definition-tgrep,roslyn-find-declarations (pass 2),roslyn-find-declarations-workspaceSymbol (pass 2),4,4,4,4,6652.0703999999996,167.55619999999999,594.40999999999997,44.183100000000003,211.73929999999999,1.2249000000000001,6653.2952999999998,3.6315,6655.7019,FALSE
YoutubeExplode,result-youtubeexplode.html,C:\repos\YoutubeExplode,8899,8.8989999999999991,find-type-definition (name: VideoWatchPage),find-type-definition,2,find-type-definition-grep,find-type-definition-tgrep,roslyn-find-declarations (pass 2),roslyn-find-declarations-workspaceSymbol (pass 2),2,2,2,2,6652.0703999999996,167.55619999999999,601.55529999999999,40.540199999999999,208.09639999999999,1.196,6653.2663999999995,18.949100000000001,6671.0194999999994,FALSE
YoutubeExplode,result-youtubeexplode.html,C:\repos\YoutubeExplode,8899,8.8989999999999991,find-type-definition (name: YoutubeClient),find-type-definition,1,find-type-definition-grep,find-type-definition-tgrep,roslyn-find-declarations (pass 2),roslyn-find-declarations-workspaceSymbol (pass 2),1,1,1,1,6652.0703999999996,167.55619999999999,624.08079999999995,50.962499999999999,218.5187,5.3422000000000001,6657.4125999999997,16.3658,6668.4361999999992,FALSE
testcontainers-dotnet,result-testcontainers-dotnet.html,C:\repos\testcontainers-dotnet,42880,42.880000000000003,find-derived-types (name: DockerContainer),find-derived-types,62,find-derived-types-grep,find-derived-types-tgrep,roslyn-find-derived-types (pass 2),roslyn-find-derived-types (pass 2),65,65,,,150723.58859999999,706.52530000000002,1427.1669999999999,149.11689999999999,855.6422,4.0933000000000002,150727.6819,4.0933000000000002,150727.6819,TRUE
testcontainers-dotnet,result-testcontainers-dotnet.html,C:\repos\testcontainers-dotnet,42880,42.880000000000003,find-interface-implementation (name: IContainer),find-interface-implementation,63,find-interface-implementation-grep,find-interface-implementation-tgrep,roslyn-find-implementations (pass 2),roslyn-find-implementations (pass 2),19,19,,,150723.58859999999,706.52530000000002,1339.5472,172.83189999999999,879.35720000000003,93.961100000000002,150817.54969999997,93.961100000000002,150817.54969999997,TRUE
testcontainers-dotnet,result-testcontainers-dotnet.html,C:\repos\testcontainers-dotnet,42880,42.880000000000003,find-member-definition (name: DisposeAsync),find-member-definition,6,find-member-definition-grep,find-member-definition-tgrep,roslyn-find-member-declarations (pass 2),roslyn-find-member-declarations (pass 2),98,98,,,150723.58859999999,706.52530000000002,1634.663,111.0806,817.60590000000002,65.660200000000003,150789.2488,65.660200000000003,150789.2488,TRUE
testcontainers-dotnet,result-testcontainers-dotnet.html,C:\repos\testcontainers-dotnet,42880,42.880000000000003,find-member-definition (name: StartAsync),find-member-definition,15,find-member-definition-grep,find-member-definition-tgrep,roslyn-find-member-declarations (pass 2),roslyn-find-member-declarations (pass 2),17,17,,,150723.58859999999,706.52530000000002,1557.4916000000001,112.16759999999999,818.69290000000001,91.829599999999999,150815.41819999999,91.829599999999999,150815.41819999999,TRUE
testcontainers-dotnet,result-testcontainers-dotnet.html,C:\repos\testcontainers-dotnet,42880,42.880000000000003,find-type-definition (name: ContainerBuilder),find-type-definition,2,find-type-definition-grep,find-type-definition-tgrep,roslyn-find-declarations (pass 2),roslyn-find-declarations-workspaceSymbol (pass 2),2,2,,,150723.58859999999,706.52530000000002,1378.8870999999999,121.43219999999999,827.95749999999998,100.48050000000001,150824.06909999999,62.978099999999998,150786.5667,TRUE
testcontainers-dotnet,result-testcontainers-dotnet.html,C:\repos\testcontainers-dotnet,42880,42.880000000000003,find-type-definition (name: DockerContainer),find-type-definition,1,find-type-definition-grep,find-type-definition-tgrep,roslyn-find-declarations (pass 2),roslyn-find-declarations-workspaceSymbol (pass 2),1,1,,,150723.58859999999,706.52530000000002,1338.8821,141.6217,848.14700000000005,58.396799999999999,150781.98539999998,81.333699999999993,150804.92229999998,TRUE
testcontainers-dotnet,result-testcontainers-dotnet.html,C:\repos\testcontainers-dotnet,42880,42.880000000000003,find-type-definition (name: IContainer),find-type-definition,1,find-type-definition-grep,find-type-definition-tgrep,roslyn-find-declarations (pass 2),roslyn-find-declarations-workspaceSymbol (pass 2),1,1,,,150723.58859999999,706.52530000000002,1375.3524,172.4023,878.92759999999998,55.966099999999997,150779.55469999998,25.2074,150748.796,TRUE
testcontainers-dotnet,result-testcontainers-dotnet.html,C:\repos\testcontainers-dotnet,42880,42.880000000000003,find-type-definition (name: WaitStrategy),find-type-definition,1,find-type-definition-grep,find-type-definition-tgrep,roslyn-find-declarations (pass 2),roslyn-find-declarations-workspaceSymbol (pass 2),1,1,,,150723.58859999999,706.52530000000002,1360.9762000000001,122.4361,828.96140000000003,53.640000000000001,150777.2286,21.235199999999999,150744.82379999998,TRUE
launcher,result-powertoys.html,C:\repos\PowerToys\src\modules\launcher,46110,46.109999999999999,find-derived-types (name: BaseModel),find-derived-types,9,find-derived-types-grep,find-derived-types-tgrep,,,9,9,,,115131.7087,397.12040000000002,876.32479999999998,48.1736,445.29400000000004,,,,,TRUE
launcher,result-powertoys.html,C:\repos\PowerToys\src\modules\launcher,46110,46.109999999999999,find-interface-implementation (name: IPlugin),find-interface-implementation,20,find-interface-implementation-grep,find-interface-implementation-tgrep,,,20,20,,,115131.7087,397.12040000000002,861.27229999999997,56.912599999999998,454.03300000000002,,,,,TRUE
launcher,result-powertoys.html,C:\repos\PowerToys\src\modules\launcher,46110,46.109999999999999,find-member-definition (name: Dispose),find-member-definition,41,find-member-definition-grep,find-member-definition-tgrep,,,41,41,,,115131.7087,397.12040000000002,1023.5231,57.405700000000003,454.52610000000004,,,,,TRUE
launcher,result-powertoys.html,C:\repos\PowerToys\src\modules\launcher,46110,46.109999999999999,find-member-definition (name: Query),find-member-definition,85,find-member-definition-grep,find-member-definition-tgrep,,,104,85,,,115131.7087,397.12040000000002,1060.3495,124.4102,521.53060000000005,,,,,TRUE
launcher,result-powertoys.html,C:\repos\PowerToys\src\modules\launcher,46110,46.109999999999999,find-type-definition (name: MatchResult),find-type-definition,1,find-type-definition-grep,find-type-definition-tgrep,,,1,1,,,115131.7087,397.12040000000002,894.47080000000005,49.991999999999997,447.11240000000004,,,,,TRUE
launcher,result-powertoys.html,C:\repos\PowerToys\src\modules\launcher,46110,46.109999999999999,find-type-definition (name: PluginInitContext),find-type-definition,1,find-type-definition-grep,find-type-definition-tgrep,,,1,1,,,115131.7087,397.12040000000002,904.21479999999997,61.361899999999999,458.48230000000001,,,,,TRUE
launcher,result-powertoys.html,C:\repos\PowerToys\src\modules\launcher,46110,46.109999999999999,find-type-definition (name: StringMatcher),find-type-definition,1,find-type-definition-grep,find-type-definition-tgrep,,,1,1,,,115131.7087,397.12040000000002,9460.6187000000009,93.959500000000006,491.07990000000001,,,,,TRUE
launcher,result-powertoys.html,C:\repos\PowerToys\src\modules\launcher,46110,46.109999999999999,find-type-definition (name: ThemeManager),find-type-definition,1,find-type-definition-grep,find-type-definition-tgrep,,,1,1,,,115131.7087,397.12040000000002,951.79319999999996,42.125799999999998,439.24620000000004,,,,,TRUE
yarp,result-yarp.html,C:\repos\yarp,55021,55.021000000000001,find-derived-types (name: IngressData),find-derived-types,0,find-derived-types-grep,find-derived-types-tgrep,roslyn-find-derived-types (pass 2),roslyn-find-derived-types (pass 2),0,0,0,0,23651.257099999999,945.54989999999998,1036.6273000000001,45.8628,991.41269999999997,3.4638,23654.7209,3.4638,23654.7209,FALSE
yarp,result-yarp.html,C:\repos\yarp,55021,55.021000000000001,find-interface-implementation (name: ICache),find-interface-implementation,1,find-interface-implementation-grep,find-interface-implementation-tgrep,roslyn-find-implementations (pass 2),roslyn-find-implementations (pass 2),1,1,1,1,23651.257099999999,945.54989999999998,1022.9028,48.8797,994.42959999999994,22.025600000000001,23673.2827,22.025600000000001,23673.2827,FALSE
yarp,result-yarp.html,C:\repos\yarp,55021,55.021000000000001,find-member-definition (name: Configure),find-member-definition,4,find-member-definition-grep,find-member-definition-tgrep,roslyn-find-member-declarations (pass 2),roslyn-find-member-declarations (pass 2),6,4,4,4,23651.257099999999,945.54989999999998,1251.5340000000001,92.071700000000007,1037.6215999999999,11.4473,23662.704399999999,11.4473,23662.704399999999,FALSE
yarp,result-yarp.html,C:\repos\yarp,55021,55.021000000000001,find-member-definition (name: Dispose),find-member-definition,27,find-member-definition-grep,find-member-definition-tgrep,roslyn-find-member-declarations (pass 2),roslyn-find-member-declarations (pass 2),27,27,27,27,23651.257099999999,945.54989999999998,1316.1573000000001,64.901399999999995,1010.4512999999999,15.6533,23666.910400000001,15.6533,23666.910400000001,FALSE
yarp,result-yarp.html,C:\repos\yarp,55021,55.021000000000001,find-type-definition (name: IngressCache),find-type-definition,1,find-type-definition-grep,find-type-definition-tgrep,roslyn-find-declarations (pass 2),roslyn-find-declarations-workspaceSymbol (pass 2),1,1,1,2,23651.257099999999,945.54989999999998,1108.7822000000001,42.535699999999999,988.0856,7.5750000000000002,23658.8321,29.2303,23680.487399999998,FALSE
yarp,result-yarp.html,C:\repos\yarp,55021,55.021000000000001,find-type-definition (name: ReverseProxyFeature),find-type-definition,2,find-type-definition-grep,find-type-definition-tgrep,roslyn-find-declarations (pass 2),roslyn-find-declarations-workspaceSymbol (pass 2),2,2,2,3,23651.257099999999,945.54989999999998,1059.9712999999999,59.106000000000002,1004.6559,38.545999999999999,23689.803099999997,37.726300000000002,23688.983399999997,FALSE
yarp,result-yarp.html,C:\repos\yarp,55021,55.021000000000001,find-type-definition (name: ServerCertificateSelector),find-type-definition,1,find-type-definition-grep,find-type-definition-tgrep,roslyn-find-declarations (pass 2),roslyn-find-declarations-workspaceSymbol (pass 2),1,1,1,2,23651.257099999999,945.54989999999998,1079.8357000000001,44.299799999999998,989.84969999999998,7.6722000000000001,23658.9293,5.4907000000000004,23656.747799999997,FALSE
yarp,result-yarp.html,C:\repos\yarp,55021,55.021000000000001,find-type-definition (name: YarpOptions),find-type-definition,1,find-type-definition-grep,find-type-definition-tgrep,roslyn-find-declarations (pass 2),roslyn-find-declarations-workspaceSymbol (pass 2),1,1,1,2,23651.257099999999,945.54989999999998,1101.8982000000001,48.770200000000003,994.32010000000002,21.993099999999998,23673.250199999999,22.936599999999999,23674.1937,FALSE
BenchmarkDotNet,result-benchmarkdotnet.html,C:\repos\BenchmarkDotNet,82773,82.772999999999996,find-derived-types (name: AnalyserBase),find-derived-types,8,find-derived-types-grep,find-derived-types-tgrep,roslyn-find-derived-types (pass 2),roslyn-find-derived-types (pass 2),8,8,8,8,20735.732599999999,1057.9673,1540.8708999999999,49.412799999999997,1107.3801000000001,1.9354,20737.667999999998,1.9354,20737.667999999998,FALSE
BenchmarkDotNet,result-benchmarkdotnet.html,C:\repos\BenchmarkDotNet,82773,82.772999999999996,find-interface-implementation (name: IOption),find-interface-implementation,0,find-interface-implementation-grep,find-interface-implementation-tgrep,roslyn-find-implementations (pass 2),roslyn-find-implementations (pass 2),1,1,0,0,20735.732599999999,1057.9673,1342.95,45.250100000000003,1103.2174,13.545500000000001,20749.2781,13.545500000000001,20749.2781,FALSE
BenchmarkDotNet,result-benchmarkdotnet.html,C:\repos\BenchmarkDotNet,82773,82.772999999999996,find-member-definition (name: Parse),find-member-definition,16,find-member-definition-grep,find-member-definition-tgrep,roslyn-find-member-declarations (pass 2),roslyn-find-member-declarations (pass 2),95,95,16,16,20735.732599999999,1057.9673,2039.9844000000001,106.6233,1164.5906,26.612400000000001,20762.345000000001,26.612400000000001,20762.345000000001,FALSE
BenchmarkDotNet,result-benchmarkdotnet.html,C:\repos\BenchmarkDotNet,82773,82.772999999999996,find-member-definition (name: Run),find-member-definition,30,find-member-definition-grep,find-member-definition-tgrep,roslyn-find-member-declarations (pass 2),roslyn-find-member-declarations (pass 2),95,95,30,30,20735.732599999999,1057.9673,2101.8189000000002,394.19630000000001,1452.1636000000001,33.538200000000003,20769.270799999998,33.538200000000003,20769.270799999998,FALSE
BenchmarkDotNet,result-benchmarkdotnet.html,C:\repos\BenchmarkDotNet,82773,82.772999999999996,find-type-definition (name: AnalyserBase),find-type-definition,1,find-type-definition-grep,find-type-definition-tgrep,roslyn-find-declarations (pass 2),roslyn-find-declarations-workspaceSymbol (pass 2),1,1,1,1,20735.732599999999,1057.9673,1575.7037,53.597700000000003,1111.5650000000001,22.724499999999999,20758.4571,61.9574,20797.689999999999,FALSE
BenchmarkDotNet,result-benchmarkdotnet.html,C:\repos\BenchmarkDotNet,82773,82.772999999999996,find-type-definition (name: BuildRunner),find-type-definition,0,find-type-definition-grep,find-type-definition-tgrep,roslyn-find-declarations (pass 2),roslyn-find-declarations-workspaceSymbol (pass 2),1,1,0,0,20735.732599999999,1057.9673,1481.4585,44.7727,1102.74,42.952100000000002,20778.684699999998,111.47199999999999,20847.204600000001,FALSE
BenchmarkDotNet,result-benchmarkdotnet.html,C:\repos\BenchmarkDotNet,82773,82.772999999999996,find-type-definition (name: CommandLineParser),find-type-definition,0,find-type-definition-grep,find-type-definition-tgrep,roslyn-find-declarations (pass 2),roslyn-find-declarations-workspaceSymbol (pass 2),1,1,0,0,20735.732599999999,1057.9673,1461.4948999999999,42.835500000000003,1100.8027999999999,13.9038,20749.636399999999,27.136600000000001,20762.869200000001,FALSE
BenchmarkDotNet,result-benchmarkdotnet.html,C:\repos\BenchmarkDotNet,82773,82.772999999999996,find-type-definition (name: KnownOptions),find-type-definition,0,find-type-definition-grep,find-type-definition-tgrep,roslyn-find-declarations (pass 2),roslyn-find-declarations-workspaceSymbol (pass 2),1,1,0,0,20735.732599999999,1057.9673,1447.5781999999999,42.757800000000003,1100.7251000000001,13.8599,20749.592499999999,30.084499999999998,20765.8171,FALSE
Files,result-files.html,C:\repos\Files,109745,109.745,find-derived-types (name: BaseUIAction),find-derived-types,22,find-derived-types-grep,find-derived-types-tgrep,roslyn-find-derived-types (pass 2),roslyn-find-derived-types (pass 2),13,13,22,22,6495.6540999999997,1047.5118,1582.7807,52.075299999999999,1099.5871,2.9205000000000001,6498.5745999999999,2.9205000000000001,6498.5745999999999,FALSE
Files,result-files.html,C:\repos\Files,109745,109.745,find-interface-implementation (name: IAction),find-interface-implementation,209,find-interface-implementation-grep,find-interface-implementation-tgrep,roslyn-find-implementations (pass 2),roslyn-find-implementations (pass 2),112,112,209,209,6495.6540999999997,1047.5118,1503.1107999999999,133.01179999999999,1180.5236,4.7312000000000003,6500.3852999999999,4.7312000000000003,6500.3852999999999,FALSE
Files,result-files.html,C:\repos\Files,109745,109.745,find-member-definition (name: Dispose),find-member-definition,93,find-member-definition-grep,find-member-definition-tgrep,roslyn-find-member-declarations (pass 2),roslyn-find-member-declarations (pass 2),94,94,93,93,6495.6540999999997,1047.5118,2054.2325000000001,124.9251,1172.4368999999999,3.5468000000000002,6499.2008999999998,3.5468000000000002,6499.2008999999998,FALSE
Files,result-files.html,C:\repos\Files,109745,109.745,find-member-definition (name: Execute),find-member-definition,4,find-member-definition-grep,find-member-definition-tgrep,roslyn-find-member-declarations (pass 2),roslyn-find-member-declarations (pass 2),4,4,4,4,6495.6540999999997,1047.5118,2027.7464,221.38849999999999,1268.9003,1.9936,6497.6476999999995,1.9936,6497.6476999999995,FALSE
Files,result-files.html,C:\repos\Files,109745,109.745,find-type-definition (name: App),find-type-definition,2,find-type-definition-grep,find-type-definition-tgrep,roslyn-find-declarations (pass 2),roslyn-find-declarations-workspaceSymbol (pass 2),2,2,2,32,6495.6540999999997,1047.5118,1668.8036999999999,832.35810000000004,1879.8699000000001,5.7503000000000002,6501.4043999999994,40.513500000000001,6536.1675999999998,FALSE
Files,result-files.html,C:\repos\Files,109745,109.745,find-type-definition (name: BaseUIAction),find-type-definition,1,find-type-definition-grep,find-type-definition-tgrep,roslyn-find-declarations (pass 2),roslyn-find-declarations-workspaceSymbol (pass 2),1,1,1,1,6495.6540999999997,1047.5118,1628.0777,49.552999999999997,1097.0648000000001,1.9191,6497.5731999999998,21.3124,6516.9664999999995,FALSE
Files,result-files.html,C:\repos\Files,109745,109.745,find-type-definition (name: MainWindow),find-type-definition,2,find-type-definition-grep,find-type-definition-tgrep,roslyn-find-declarations (pass 2),roslyn-find-declarations-workspaceSymbol (pass 2),2,2,2,2,6495.6540999999997,1047.5118,1629.4613999999999,126.229,1173.7408,4.8079000000000001,6500.4619999999995,91.318399999999997,6586.9724999999999,FALSE
Files,result-files.html,C:\repos\Files,109745,109.745,find-type-definition (name: RefreshItemsAction),find-type-definition,1,find-type-definition-grep,find-type-definition-tgrep,roslyn-find-declarations (pass 2),roslyn-find-declarations-workspaceSymbol (pass 2),1,1,1,1,6495.6540999999997,1047.5118,1597.7852,39.471699999999998,1086.9835,3.3266,6498.9807000000001,17.3094,6512.9634999999998,FALSE
src,result-mudblazor.html,C:\repos\MudBlazor\src,183415,183.41499999999999,find-derived-types (name: MudComponentBase),find-derived-types,324,find-derived-types-grep,find-derived-types-tgrep,roslyn-find-derived-types (pass 2),roslyn-find-derived-types (pass 2),123,122,324,324,25762.509999999998,4584.9475000000002,1868.1261999999999,167.16210000000001,4752.1095999999998,5.3880999999999997,25767.898099999999,5.3880999999999997,25767.898099999999,FALSE
src,result-mudblazor.html,C:\repos\MudBlazor\src,183415,183.41499999999999,find-interface-implementation (name: IDisposable),find-interface-implementation,116,find-interface-implementation-grep,find-interface-implementation-tgrep,roslyn-find-implementations (pass 2),roslyn-find-implementations (pass 2),48,48,116,116,25762.509999999998,4584.9475000000002,1625.7628999999999,85.242900000000006,4670.1904000000004,69.492000000000004,25832.001999999997,69.492000000000004,25832.001999999997,FALSE
src,result-mudblazor.html,C:\repos\MudBlazor\src,183415,183.41499999999999,find-member-definition (name: BuildRenderTree),find-member-definition,1524,find-member-definition-grep,find-member-definition-tgrep,roslyn-find-member-declarations (pass 2),roslyn-find-member-declarations (pass 2),7,7,1524,1524,25762.509999999998,4584.9475000000002,2905.3560000000002,45.841200000000001,4630.7887000000001,88.995500000000007,25851.505499999999,88.995500000000007,25851.505499999999,FALSE
src,result-mudblazor.html,C:\repos\MudBlazor\src,183415,183.41499999999999,find-member-definition (name: OnInitialized),find-member-definition,149,find-member-definition-grep,find-member-definition-tgrep,roslyn-find-member-declarations (pass 2),roslyn-find-member-declarations (pass 2),61,61,149,149,25762.509999999998,4584.9475000000002,2932.2289000000001,128.9239,4713.8714,24.758199999999999,25787.268199999999,24.758199999999999,25787.268199999999,FALSE
src,result-mudblazor.html,C:\repos\MudBlazor\src,183415,183.41499999999999,find-type-definition (name: MudButton),find-type-definition,4,find-type-definition-grep,find-type-definition-tgrep,roslyn-find-declarations (pass 2),roslyn-find-declarations-workspaceSymbol (pass 2),1,1,4,21,25762.509999999998,4584.9475000000002,2028.3497,66.650700000000001,4651.5982000000004,11.467700000000001,25773.977699999999,94.868899999999996,25857.3789,FALSE
src,result-mudblazor.html,C:\repos\MudBlazor\src,183415,183.41499999999999,find-type-definition (name: MudComponentBase),find-type-definition,1,find-type-definition-grep,find-type-definition-tgrep,roslyn-find-declarations (pass 2),roslyn-find-declarations-workspaceSymbol (pass 2),1,1,1,1,25762.509999999998,4584.9475000000002,1897.9009000000001,169.18510000000001,4754.1325999999999,8.4448000000000008,25770.9548,72.256699999999995,25834.7667,FALSE
src,result-mudblazor.html,C:\repos\MudBlazor\src,183415,183.41499999999999,find-type-definition (name: MudDialog),find-type-definition,4,find-type-definition-grep,find-type-definition-tgrep,roslyn-find-declarations (pass 2),roslyn-find-declarations-workspaceSymbol (pass 2),1,1,4,14,25762.509999999998,4584.9475000000002,1925.1913,63.1723,4648.1198000000004,7.1539000000000001,25769.6639,81.225200000000001,25843.735199999999,FALSE
src,result-mudblazor.html,C:\repos\MudBlazor\src,183415,183.41499999999999,find-type-definition (name: MudTextField),find-type-definition,4,find-type-definition-grep,find-type-definition-tgrep,roslyn-find-declarations (pass 2),roslyn-find-declarations-workspaceSymbol (pass 2),1,1,4,4,25762.509999999998,4584.9475000000002,1854.3329000000001,51.773099999999999,4636.7206000000006,7.0805999999999996,25769.5906,75.640799999999999,25838.150799999999,FALSE
ILSpy,result-ilspy.html,C:\repos\ILSpy,266629,266.62900000000002,find-derived-types (name: XamlNode),find-derived-types,0,find-derived-types-grep,find-derived-types-tgrep,roslyn-find-derived-types (pass 2),roslyn-find-derived-types (pass 2),0,0,0,0,10458.3907,1186.1287,1803.0753,67.759,1253.8877,3.4620000000000002,10461.852699999999,3.4620000000000002,10461.852699999999,FALSE
ILSpy,result-ilspy.html,C:\repos\ILSpy,266629,266.62900000000002,find-interface-implementation (name: IHandler),find-interface-implementation,37,find-interface-implementation-grep,find-interface-implementation-tgrep,roslyn-find-implementations (pass 2),roslyn-find-implementations (pass 2),37,37,37,37,10458.3907,1186.1287,1584.7095999999999,65.307599999999994,1251.4363000000001,6.1529999999999996,10464.5437,6.1529999999999996,10464.5437,FALSE
ILSpy,result-ilspy.html,C:\repos\ILSpy,266629,266.62900000000002,find-member-definition (name: Decompile),find-member-definition,51,find-member-definition-grep,find-member-definition-tgrep,roslyn-find-member-declarations (pass 2),roslyn-find-member-declarations (pass 2),55,55,51,51,10458.3907,1186.1287,2919.8661999999999,956.51350000000002,2142.6422000000002,10.912800000000001,10469.3035,10.912800000000001,10469.3035,FALSE
ILSpy,result-ilspy.html,C:\repos\ILSpy,266629,266.62900000000002,find-member-definition (name: Execute),find-member-definition,62,find-member-definition-grep,find-member-definition-tgrep,roslyn-find-member-declarations (pass 2),roslyn-find-member-declarations (pass 2),62,62,62,62,10458.3907,1186.1287,2708.1813000000002,88.9221,1275.0508,6.5388000000000002,10464.9295,6.5388000000000002,10464.9295,FALSE
ILSpy,result-ilspy.html,C:\repos\ILSpy,266629,266.62900000000002,find-type-definition (name: BamlDecompilerSettings),find-type-definition,1,find-type-definition-grep,find-type-definition-tgrep,roslyn-find-declarations (pass 2),roslyn-find-declarations-workspaceSymbol (pass 2),1,1,1,1,10458.3907,1186.1287,1901.5590999999999,47.047499999999999,1233.1761999999999,4.6757999999999997,10463.066500000001,19.808,10478.198700000001,FALSE
ILSpy,result-ilspy.html,C:\repos\ILSpy,266629,266.62900000000002,find-type-definition (name: CSharpDecompiler),find-type-definition,1,find-type-definition-grep,find-type-definition-tgrep,roslyn-find-declarations (pass 2),roslyn-find-declarations-workspaceSymbol (pass 2),1,1,1,1,10458.3907,1186.1287,1880.3761,79.995500000000007,1266.1242,15.8126,10474.203299999999,110.2226,10568.613299999999,FALSE
ILSpy,result-ilspy.html,C:\repos\ILSpy,266629,266.62900000000002,find-type-definition (name: DecompilerSettings),find-type-definition,2,find-type-definition-grep,find-type-definition-tgrep,roslyn-find-declarations (pass 2),roslyn-find-declarations-workspaceSymbol (pass 2),2,2,2,8,10458.3907,1186.1287,1767.8719000000001,88.145799999999994,1274.2745,13.5067,10471.8974,139.32990000000001,10597.720600000001,FALSE
ILSpy,result-ilspy.html,C:\repos\ILSpy,266629,266.62900000000002,find-type-definition (name: XamlDecompiler),find-type-definition,1,find-type-definition-grep,find-type-definition-tgrep,roslyn-find-declarations (pass 2),roslyn-find-declarations-workspaceSymbol (pass 2),1,1,1,1,10458.3907,1186.1287,1926.5423000000001,82.616500000000002,1268.7452000000001,4.7824,10463.1731,19.241299999999999,10477.632,FALSE
garnet,result-garnet.html,C:\repos\garnet,280730,280.73000000000002,find-derived-types (name: NetworkBase),find-derived-types,2,find-derived-types-grep,find-derived-types-tgrep,roslyn-find-derived-types (pass 2),roslyn-find-derived-types (pass 2),2,2,2,2,18570.7696,1045.0742,1855.0925,42.898000000000003,1087.9721999999999,6.9466999999999999,18577.7163,6.9466999999999999,18577.7163,FALSE
garnet,result-garnet.html,C:\repos\garnet,280730,280.73000000000002,find-interface-implementation (name: IDisposable),find-interface-implementation,281,find-interface-implementation-grep,find-interface-implementation-tgrep,roslyn-find-implementations (pass 2),roslyn-find-implementations (pass 2),127,127,281,281,18570.7696,1045.0742,1650.4444000000001,146.53319999999999,1191.6074000000001,80.9358,18651.705399999999,80.9358,18651.705399999999,FALSE
garnet,result-garnet.html,C:\repos\garnet,280730,280.73000000000002,find-member-definition (name: Dispose),find-member-definition,166,find-member-definition-grep,find-member-definition-tgrep,roslyn-find-member-declarations (pass 2),roslyn-find-member-declarations (pass 2),183,180,166,166,18570.7696,1045.0742,3298.8960000000002,389.3492,1434.4234000000001,51.256300000000003,18622.025900000001,51.256300000000003,18622.025900000001,FALSE
garnet,result-garnet.html,C:\repos\garnet,280730,280.73000000000002,find-member-definition (name: Execute),find-member-definition,15,find-member-definition-grep,find-member-definition-tgrep,roslyn-find-member-declarations (pass 2),roslyn-find-member-declarations (pass 2),873,869,15,15,18570.7696,1045.0742,2845.8119000000002,173.23769999999999,1218.3118999999999,58.7164,18629.486000000001,58.7164,18629.486000000001,FALSE
garnet,result-garnet.html,C:\repos\garnet,280730,280.73000000000002,find-type-definition (name: ClusterContext),find-type-definition,1,find-type-definition-grep,find-type-definition-tgrep,roslyn-find-declarations (pass 2),roslyn-find-declarations-workspaceSymbol (pass 2),1,1,1,2,18570.7696,1045.0742,1961.3196,57.239199999999997,1102.3134,13.812200000000001,18584.5818,27.1753,18597.944899999999,FALSE
garnet,result-garnet.html,C:\repos\garnet,280730,280.73000000000002,find-type-definition (name: ClusterOperations),find-type-definition,1,find-type-definition-grep,find-type-definition-tgrep,roslyn-find-declarations (pass 2),roslyn-find-declarations-workspaceSymbol (pass 2),1,1,1,1,18570.7696,1045.0742,1939.2927,42.4161,1087.4902999999999,13.06,18583.829600000001,22.670000000000002,18593.439599999998,FALSE
garnet,result-garnet.html,C:\repos\garnet,280730,280.73000000000002,find-type-definition (name: GarnetServerEmbedded),find-type-definition,1,find-type-definition-grep,find-type-definition-tgrep,roslyn-find-declarations (pass 2),roslyn-find-declarations-workspaceSymbol (pass 2),1,1,1,1,18570.7696,1045.0742,1949.6972000000001,47.224899999999998,1092.2991,48.457799999999999,18619.2274,34.861699999999999,18605.631300000001,FALSE
garnet,result-garnet.html,C:\repos\garnet,280730,280.73000000000002,find-type-definition (name: LuaRunnerOperations),find-type-definition,1,find-type-definition-grep,find-type-definition-tgrep,roslyn-find-declarations (pass 2),roslyn-find-declarations-workspaceSymbol (pass 2),1,1,1,1,18570.7696,1045.0742,1914.9001000000001,39.9499,1085.0241000000001,12.154400000000001,18582.923999999999,27.763400000000001,18598.532999999999,FALSE
Terminal.Gui,result-terminal-gui.html,C:\repos\Terminal.Gui,291072,291.072,find-derived-types (name: View),find-derived-types,271,find-derived-types-grep,find-derived-types-tgrep,roslyn-find-derived-types (pass 2),roslyn-find-derived-types (pass 2),140,134,271,271,11707.4974,1351.7978000000001,2050.4254000000001,772.25660000000005,2124.0544,8.9702000000000002,11716.4676,8.9702000000000002,11716.4676,FALSE
Terminal.Gui,result-terminal-gui.html,C:\repos\Terminal.Gui,291072,291.072,find-interface-implementation (name: IDisposable),find-interface-implementation,456,find-interface-implementation-grep,find-interface-implementation-tgrep,roslyn-find-implementations (pass 2),roslyn-find-implementations (pass 2),31,31,456,456,11707.4974,1351.7978000000001,1696.0636,88.921499999999995,1440.7193,43.444299999999998,11750.941699999999,43.444299999999998,11750.941699999999,FALSE
Terminal.Gui,result-terminal-gui.html,C:\repos\Terminal.Gui,291072,291.072,find-member-definition (name: Draw),find-member-definition,8,find-member-definition-grep,find-member-definition-tgrep,roslyn-find-member-declarations (pass 2),roslyn-find-member-declarations (pass 2),16,16,8,8,11707.4974,1351.7978000000001,2775.6223,369.0403,1720.8380999999999,15.0825,11722.579900000001,15.0825,11722.579900000001,FALSE
Terminal.Gui,result-terminal-gui.html,C:\repos\Terminal.Gui,291072,291.072,find-member-definition (name: Run),find-member-definition,13,find-member-definition-grep,find-member-definition-tgrep,roslyn-find-member-declarations (pass 2),roslyn-find-member-declarations (pass 2),23,23,13,13,11707.4974,1351.7978000000001,2799.0805999999998,475.5378,1827.3356000000001,12.2136,11719.710999999999,12.2136,11719.710999999999,FALSE
Terminal.Gui,result-terminal-gui.html,C:\repos\Terminal.Gui,291072,291.072,find-type-definition (name: LoginViewModel),find-type-definition,2,find-type-definition-grep,find-type-definition-tgrep,roslyn-find-declarations (pass 2),roslyn-find-declarations-workspaceSymbol (pass 2),2,2,2,2,11707.4974,1351.7978000000001,2076.5428999999999,47.290300000000002,1399.0880999999999,21.839300000000001,11729.3367,62.197899999999997,11769.695299999999,FALSE
Terminal.Gui,result-terminal-gui.html,C:\repos\Terminal.Gui,291072,291.072,find-type-definition (name: Message),find-type-definition,1,find-type-definition-grep,find-type-definition-tgrep,roslyn-find-declarations (pass 2),roslyn-find-declarations-workspaceSymbol (pass 2),1,1,1,4,11707.4974,1351.7978000000001,2110.8847000000001,145.80090000000001,1497.5987,15.132899999999999,11722.630300000001,155.08760000000001,11862.585000000001,FALSE
Terminal.Gui,result-terminal-gui.html,C:\repos\Terminal.Gui,291072,291.072,find-type-definition (name: TerminalScheduler),find-type-definition,1,find-type-definition-grep,find-type-definition-tgrep,roslyn-find-declarations (pass 2),roslyn-find-declarations-workspaceSymbol (pass 2),1,1,1,1,11707.4974,1351.7978000000001,2006.1467,42.299300000000002,1394.0971,42.549799999999998,11750.047200000001,16.067699999999999,11723.5651,FALSE
Terminal.Gui,result-terminal-gui.html,C:\repos\Terminal.Gui,291072,291.072,find-type-definition (name: View),find-type-definition,22,find-type-definition-grep,find-type-definition-tgrep,roslyn-find-declarations (pass 2),roslyn-find-declarations-workspaceSymbol (pass 2),22,22,22,252,11707.4974,1351.7978000000001,2140.1614,754.48450000000003,2106.2822999999999,10.7372,11718.2346,30.925999999999998,11738.4234,FALSE
dotnet,result-semantic-kernel.html,C:\repos\semantic-kernel\dotnet,335465,335.46499999999997,find-derived-types (name: Agent),find-derived-types,18,find-derived-types-grep,find-derived-types-tgrep,roslyn-find-derived-types (pass 2),roslyn-find-derived-types (pass 2),29,22,18,18,69442.183300000004,2422.2384999999999,3993.1554999999998,592.95709999999997,3015.1956,5.2984999999999998,69447.481800000009,5.2984999999999998,69447.481800000009,FALSE
dotnet,result-semantic-kernel.html,C:\repos\semantic-kernel\dotnet,335465,335.46499999999997,find-interface-implementation (name: IChatCompletionService),find-interface-implementation,13,find-interface-implementation-grep,find-interface-implementation-tgrep,roslyn-find-implementations (pass 2),roslyn-find-implementations (pass 2),24,24,13,13,69442.183300000004,2422.2384999999999,3557.0717,223.5376,2645.7761,5.4424999999999999,69447.625800000009,5.4424999999999999,69447.625800000009,FALSE
dotnet,result-semantic-kernel.html,C:\repos\semantic-kernel\dotnet,335465,335.46499999999997,find-member-definition (name: GetChatMessageContentsAsync),find-member-definition,43,find-member-definition-grep,find-member-definition-tgrep,roslyn-find-member-declarations (pass 2),roslyn-find-member-declarations (pass 2),112,112,43,43,69442.183300000004,2422.2384999999999,4519.8860000000004,141.3887,2563.6271999999999,83.331000000000003,69525.51430000001,83.331000000000003,69525.51430000001,FALSE
dotnet,result-semantic-kernel.html,C:\repos\semantic-kernel\dotnet,335465,335.46499999999997,find-member-definition (name: InvokeAsync),find-member-definition,106,find-member-definition-grep,find-member-definition-tgrep,roslyn-find-member-declarations (pass 2),roslyn-find-member-declarations (pass 2),453,453,106,106,69442.183300000004,2422.2384999999999,4829.6701999999996,366.59719999999999,2788.8357000000001,121.2925,69563.4758,121.2925,69563.4758,FALSE
dotnet,result-semantic-kernel.html,C:\repos\semantic-kernel\dotnet,335465,335.46499999999997,find-type-definition (name: Agent),find-type-definition,1,find-type-definition-grep,find-type-definition-tgrep,roslyn-find-declarations (pass 2),roslyn-find-declarations-workspaceSymbol (pass 2),1,1,1,316,69442.183300000004,2422.2384999999999,3954.7325000000001,554.13850000000002,2976.377,69.721100000000007,69511.904399999999,178.78530000000001,69620.968600000007,FALSE
dotnet,result-semantic-kernel.html,C:\repos\semantic-kernel\dotnet,335465,335.46499999999997,find-type-definition (name: ChatHistory),find-type-definition,1,find-type-definition-grep,find-type-definition-tgrep,roslyn-find-declarations (pass 2),roslyn-find-declarations-workspaceSymbol (pass 2),1,1,1,33,69442.183300000004,2422.2384999999999,3992.4106999999999,291.44459999999998,2713.6830999999997,85.883399999999995,69528.06670000001,161.26150000000001,69603.444799999997,FALSE
dotnet,result-semantic-kernel.html,C:\repos\semantic-kernel\dotnet,335465,335.46499999999997,find-type-definition (name: Kernel),find-type-definition,1,find-type-definition-grep,find-type-definition-tgrep,roslyn-find-declarations (pass 2),roslyn-find-declarations-workspaceSymbol (pass 2),1,1,1,446,69442.183300000004,2422.2384999999999,3895.3227999999999,2062.2703999999999,4484.5088999999998,96.865600000000001,69539.048900000009,208.7704,69650.953699999998,FALSE
dotnet,result-semantic-kernel.html,C:\repos\semantic-kernel\dotnet,335465,335.46499999999997,find-type-definition (name: KernelFunction),find-type-definition,1,find-type-definition-grep,find-type-definition-tgrep,roslyn-find-declarations (pass 2),roslyn-find-declarations-workspaceSymbol (pass 2),1,1,1,81,69442.183300000004,2422.2384999999999,4063.2141000000001,459.06209999999999,2881.3006,68.860900000000001,69511.044200000004,118.2885,69560.471799999999,FALSE
Avalonia,result-avalonia.html,C:\repos\Avalonia,493033,493.03300000000002,find-derived-types (name: AvaloniaObject),find-derived-types,496,find-derived-types-grep,find-derived-types-tgrep,roslyn-find-derived-types (pass 2),roslyn-find-derived-types (pass 2),79,79,496,496,42915.503299999997,2976.9573999999998,4307.6270999999997,185.6431,3162.6004999999996,45.700000000000003,42961.203299999994,45.700000000000003,42961.203299999994,FALSE
Avalonia,result-avalonia.html,C:\repos\Avalonia,493033,493.03300000000002,find-interface-implementation (name: IAndroidApplication),find-interface-implementation,4,find-interface-implementation-grep,find-interface-implementation-tgrep,roslyn-find-implementations (pass 2),roslyn-find-implementations (pass 2),1,1,4,4,42915.503299999997,2976.9573999999998,3721.0956000000001,42.917400000000001,3019.8747999999996,54.226599999999998,42969.729899999998,54.226599999999998,42969.729899999998,FALSE
Avalonia,result-avalonia.html,C:\repos\Avalonia,493033,493.03300000000002,find-member-definition (name: Dispose),find-member-definition,468,find-member-definition-grep,find-member-definition-tgrep,roslyn-find-member-declarations (pass 2),roslyn-find-member-declarations (pass 2),482,482,468,468,42915.503299999997,2976.9573999999998,5204.9417999999996,532.98509999999999,3509.9424999999997,229.32900000000001,43144.832299999995,229.32900000000001,43144.832299999995,FALSE
Avalonia,result-avalonia.html,C:\repos\Avalonia,493033,493.03300000000002,find-member-definition (name: Render),find-member-definition,67,find-member-definition-grep,find-member-definition-tgrep,roslyn-find-member-declarations (pass 2),roslyn-find-member-declarations (pass 2),76,70,67,67,42915.503299999997,2976.9573999999998,5585.7080999999998,599.9298,3576.8871999999997,108.04049999999999,43023.543799999999,108.04049999999999,43023.543799999999,FALSE
Avalonia,result-avalonia.html,C:\repos\Avalonia,493033,493.03300000000002,find-type-definition (name: ApplicationLifetime),find-type-definition,1,find-type-definition-grep,find-type-definition-tgrep,roslyn-find-declarations (pass 2),roslyn-find-declarations-workspaceSymbol (pass 2),1,1,1,12,42915.503299999997,2976.9573999999998,4286.9206999999997,98.519000000000005,3075.4763999999996,86.351799999999997,43001.855099999993,77.3108,42992.814099999996,FALSE
Avalonia,result-avalonia.html,C:\repos\Avalonia,493033,493.03300000000002,find-type-definition (name: AvaloniaView),find-type-definition,7,find-type-definition-grep,find-type-definition-tgrep,roslyn-find-declarations (pass 2),roslyn-find-declarations-workspaceSymbol (pass 2),7,7,7,13,42915.503299999997,2976.9573999999998,4519.5295999999998,63.030900000000003,3039.9883,97.660600000000002,43013.1639,70.571899999999999,42986.075199999999,FALSE
Avalonia,result-avalonia.html,C:\repos\Avalonia,493033,493.03300000000002,find-type-definition (name: ByteArrayEqualityComparer),find-type-definition,1,find-type-definition-grep,find-type-definition-tgrep,roslyn-find-declarations (pass 2),roslyn-find-declarations-workspaceSymbol (pass 2),1,1,1,1,42915.503299999997,2976.9573999999998,4209.9312,42.982900000000001,3019.9402999999998,133.48779999999999,43048.991099999999,73.782700000000006,42989.286,FALSE
Avalonia,result-avalonia.html,C:\repos\Avalonia,493033,493.03300000000002,find-type-definition (name: CursorFactory),find-type-definition,3,find-type-definition-grep,find-type-definition-tgrep,roslyn-find-declarations (pass 2),roslyn-find-declarations-workspaceSymbol (pass 2),3,3,3,13,42915.503299999997,2976.9573999999998,4371.2704999999996,73.547200000000004,3050.5045999999998,91.495000000000005,43006.998299999999,134.1003,43049.603599999995,FALSE
msbuild,result-msbuild.html,C:\repos\msbuild,546702,546.702,find-derived-types (name: Task),find-derived-types,153,find-derived-types-grep,find-derived-types-tgrep,roslyn-find-derived-types (pass 2),roslyn-find-derived-types (pass 2),244,174,153,153,27718.115000000002,2189.0205000000001,2956.2838000000002,899.12120000000004,3088.1417000000001,6.4153000000000002,27724.530300000002,6.4153000000000002,27724.530300000002,FALSE
msbuild,result-msbuild.html,C:\repos\msbuild,546702,546.702,find-interface-implementation (name: ITask),find-interface-implementation,168,find-interface-implementation-grep,find-interface-implementation-tgrep,roslyn-find-implementations (pass 2),roslyn-find-implementations (pass 2),13,13,168,168,27718.115000000002,2189.0205000000001,2551.4737,317.29079999999999,2506.3113000000003,8.0630000000000006,27726.178,8.0630000000000006,27726.178,FALSE
msbuild,result-msbuild.html,C:\repos\msbuild,546702,546.702,find-member-definition (name: Build),find-member-definition,41,find-member-definition-grep,find-member-definition-tgrep,roslyn-find-member-declarations (pass 2),roslyn-find-member-declarations (pass 2),194,186,41,41,27718.115000000002,2189.0205000000001,4364.7294000000002,1802.4103,3991.4308000000001,35.6325,27753.747500000001,35.6325,27753.747500000001,FALSE
msbuild,result-msbuild.html,C:\repos\msbuild,546702,546.702,find-member-definition (name: Execute),find-member-definition,163,find-member-definition-grep,find-member-definition-tgrep,roslyn-find-member-declarations (pass 2),roslyn-find-member-declarations (pass 2),781,776,163,163,27718.115000000002,2189.0205000000001,4386.1085000000003,383.78190000000001,2572.8024,57.319299999999998,27775.434300000001,57.319299999999998,27775.434300000001,FALSE
msbuild,result-msbuild.html,C:\repos\msbuild,546702,546.702,find-type-definition (name: BuildManager),find-type-definition,1,find-type-definition-grep,find-type-definition-tgrep,roslyn-find-declarations (pass 2),roslyn-find-declarations-workspaceSymbol (pass 2),1,1,1,14,27718.115000000002,2189.0205000000001,3005.4002,115.4648,2304.4853000000003,18.923999999999999,27737.039000000001,111.9325,27830.047500000001,FALSE
msbuild,result-msbuild.html,C:\repos\msbuild,546702,546.702,find-type-definition (name: Project),find-type-definition,2,find-type-definition-grep,find-type-definition-tgrep,roslyn-find-declarations (pass 2),roslyn-find-declarations-workspaceSymbol (pass 2),2,2,2,364,27718.115000000002,2189.0205000000001,3123.5173,756.30340000000001,2945.3239000000003,22.105599999999999,27740.220600000001,184.61089999999999,27902.725900000001,FALSE
msbuild,result-msbuild.html,C:\repos\msbuild,546702,546.702,find-type-definition (name: ProjectInstance),find-type-definition,1,find-type-definition-grep,find-type-definition-tgrep,roslyn-find-declarations (pass 2),roslyn-find-declarations-workspaceSymbol (pass 2),1,1,1,47,27718.115000000002,2189.0205000000001,3017.1212,180.43799999999999,2369.4585000000002,18.051600000000001,27736.1666,120.2026,27838.317600000002,FALSE
msbuild,result-msbuild.html,C:\repos\msbuild,546702,546.702,find-type-definition (name: TaskItem),find-type-definition,3,find-type-definition-grep,find-type-definition-tgrep,roslyn-find-declarations (pass 2),roslyn-find-declarations-workspaceSymbol (pass 2),4,4,3,32,27718.115000000002,2189.0205000000001,3070.3485999999998,329.43090000000001,2518.4513999999999,18.6736,27736.7886,179.2782,27897.393200000002,FALSE
NuGet.Client,result-nuget-client.html,C:\repos\NuGet.Client,659759,659.75900000000001,find-derived-types (name: RestoreCommand),find-derived-types,0,find-derived-types-grep,find-derived-types-tgrep,roslyn-find-derived-types (pass 2),roslyn-find-derived-types (pass 2),1,1,0,0,32357.063099999999,6243.7101000000002,4169.5308999999997,170.0915,6413.8016000000007,3.1084999999999998,32360.171599999998,3.1084999999999998,32360.171599999998,FALSE
NuGet.Client,result-nuget-client.html,C:\repos\NuGet.Client,659759,659.75900000000001,find-interface-implementation (name: ILogger),find-interface-implementation,3,find-interface-implementation-grep,find-interface-implementation-tgrep,roslyn-find-implementations (pass 2),roslyn-find-implementations (pass 2),141,141,3,3,32357.063099999999,6243.7101000000002,3768.8063999999999,332.40140000000002,6576.1115,3.7725,32360.835599999999,3.7725,32360.835599999999,FALSE
NuGet.Client,result-nuget-client.html,C:\repos\NuGet.Client,659759,659.75900000000001,find-member-definition (name: Execute),find-member-definition,42,find-member-definition-grep,find-member-definition-tgrep,roslyn-find-member-declarations (pass 2),roslyn-find-member-declarations (pass 2),140,140,42,42,32357.063099999999,6243.7101000000002,6344.1787000000004,308.49939999999998,6552.2094999999999,13.121600000000001,32370.184699999998,13.121600000000001,32370.184699999998,FALSE
NuGet.Client,result-nuget-client.html,C:\repos\NuGet.Client,659759,659.75900000000001,find-type-definition (name: PackageArchiveReader),find-type-definition,1,find-type-definition-grep,find-type-definition-tgrep,roslyn-find-declarations (pass 2),roslyn-find-declarations-workspaceSymbol (pass 2),1,1,1,1,32357.063099999999,6243.7101000000002,4305.1940000000004,139.84450000000001,6383.5546000000004,10.5679,32367.630999999998,35.442500000000003,32392.5056,FALSE
NuGet.Client,result-nuget-client.html,C:\repos\NuGet.Client,659759,659.75900000000001,find-type-definition (name: PackageSpec),find-type-definition,1,find-type-definition-grep,find-type-definition-tgrep,roslyn-find-declarations (pass 2),roslyn-find-declarations-workspaceSymbol (pass 2),1,1,1,13,32357.063099999999,6243.7101000000002,5533.0527000000002,288.81779999999998,6532.5279,38.840499999999999,32395.903599999998,60.007899999999999,32417.071,FALSE
NuGet.Client,result-nuget-client.html,C:\repos\NuGet.Client,659759,659.75900000000001,find-type-definition (name: RestoreCommand),find-type-definition,2,find-type-definition-grep,find-type-definition-tgrep,roslyn-find-declarations (pass 2),roslyn-find-declarations-workspaceSymbol (pass 2),2,2,2,7,32357.063099999999,6243.7101000000002,4336.5562,136.63570000000001,6380.3458000000001,10.567299999999999,32367.630399999998,42.756799999999998,32399.819899999999,FALSE
PowerShell,result-powershell.html,C:\repos\PowerShell,679735,679.73500000000001,find-derived-types (name: Cmdlet),find-derived-types,269,find-derived-types-grep,find-derived-types-tgrep,roslyn-find-derived-types (pass 2),roslyn-find-derived-types (pass 2),74,37,269,269,8313.6746000000003,2739.7058000000002,2285.1606000000002,458.05130000000003,3197.7571000000003,10.321,8323.9956000000002,10.321,8323.9956000000002,FALSE
PowerShell,result-powershell.html,C:\repos\PowerShell,679735,679.73500000000001,find-interface-implementation (name: IDisposable),find-interface-implementation,0,find-interface-implementation-grep,find-interface-implementation-tgrep,roslyn-find-implementations (pass 2),roslyn-find-implementations (pass 2),167,167,0,0,8313.6746000000003,2739.7058000000002,1832.7088000000001,178.5821,2918.2879000000003,3.5518999999999998,8317.2265000000007,3.5518999999999998,8317.2265000000007,FALSE
PowerShell,result-powershell.html,C:\repos\PowerShell,679735,679.73500000000001,find-member-definition (name: Dispose),find-member-definition,282,find-member-definition-grep,find-member-definition-tgrep,roslyn-find-member-declarations (pass 2),roslyn-find-member-declarations (pass 2),288,288,282,282,8313.6746000000003,2739.7058000000002,4439.8982999999998,291.87,3031.5758000000001,21.5121,8335.1867000000002,21.5121,8335.1867000000002,FALSE
PowerShell,result-powershell.html,C:\repos\PowerShell,679735,679.73500000000001,find-member-definition (name: ProcessRecord),find-member-definition,245,find-member-definition-grep,find-member-definition-tgrep,roslyn-find-member-declarations (pass 2),roslyn-find-member-declarations (pass 2),282,282,245,245,8313.6746000000003,2739.7058000000002,3614.8101000000001,236.17580000000001,2975.8816000000002,15.9802,8329.6548000000003,15.9802,8329.6548000000003,FALSE
PowerShell,result-powershell.html,C:\repos\PowerShell,679735,679.73500000000001,find-type-definition (name: CimSessionWrapper),find-type-definition,1,find-type-definition-grep,find-type-definition-tgrep,roslyn-find-declarations (pass 2),roslyn-find-declarations-workspaceSymbol (pass 2),1,1,1,1,8313.6746000000003,2739.7058000000002,2441.0342000000001,44.160299999999999,2783.8661000000002,2.7071000000000001,8316.3816999999999,30.039899999999999,8343.7145,FALSE
PowerShell,result-powershell.html,C:\repos\PowerShell,679735,679.73500000000001,find-type-definition (name: CmdletOperationBase),find-type-definition,1,find-type-definition-grep,find-type-definition-tgrep,roslyn-find-declarations (pass 2),roslyn-find-declarations-workspaceSymbol (pass 2),1,1,1,1,8313.6746000000003,2739.7058000000002,2348.9169000000002,59.784700000000001,2799.4905000000003,3.8193000000000001,8317.4938999999995,117.7042,8431.3788000000004,FALSE
PowerShell,result-powershell.html,C:\repos\PowerShell,679735,679.73500000000001,find-type-definition (name: GetCimInstanceCommand),find-type-definition,1,find-type-definition-grep,find-type-definition-tgrep,roslyn-find-declarations (pass 2),roslyn-find-declarations-workspaceSymbol (pass 2),1,1,1,2,8313.6746000000003,2739.7058000000002,2301.2442000000001,55.100999999999999,2794.8068000000003,12.423400000000001,8326.098,105.1721,8418.8467000000001,FALSE
PowerShell,result-powershell.html,C:\repos\PowerShell,679735,679.73500000000001,find-type-definition (name: ParameterDefinitionEntry),find-type-definition,1,find-type-definition-grep,find-type-definition-tgrep,roslyn-find-declarations (pass 2),roslyn-find-declarations-workspaceSymbol (pass 2),1,1,1,1,8313.6746000000003,2739.7058000000002,2250.0254,66.069900000000004,2805.7757000000001,2.8851,8316.5596999999998,21.160599999999999,8334.8351999999995,FALSE
aspire,result-aspire.html,C:\repos\aspire,827010,827.00999999999999,find-derived-types (name: Resource),find-derived-types,0,find-derived-types-grep,find-derived-types-tgrep,roslyn-find-derived-types (pass 2),roslyn-find-derived-types (pass 2),246,195,0,0,42130.573700000001,4132.7537000000002,5047.5924999999997,1431.1611,5563.9148000000005,3.2873999999999999,42133.861100000002,3.2873999999999999,42133.861100000002,FALSE
aspire,result-aspire.html,C:\repos\aspire,827010,827.00999999999999,find-interface-implementation (name: IResourceWithEnvironment),find-interface-implementation,33,find-interface-implementation-grep,find-interface-implementation-tgrep,roslyn-find-implementations (pass 2),roslyn-find-implementations (pass 2),141,141,33,33,42130.573700000001,4132.7537000000002,4443.4369999999999,114.7193,4247.473,5.9339000000000004,42136.507600000004,5.9339000000000004,42136.507600000004,FALSE
aspire,result-aspire.html,C:\repos\aspire,827010,827.00999999999999,find-member-definition (name: Build),find-member-definition,14,find-member-definition-grep,find-member-definition-tgrep,roslyn-find-member-declarations (pass 2),roslyn-find-member-declarations (pass 2),2447,2445,14,14,42130.573700000001,4132.7537000000002,7204.6912000000002,1398.2283,5530.982,22.7928,42153.366500000004,22.7928,42153.366500000004,FALSE
aspire,result-aspire.html,C:\repos\aspire,827010,827.00999999999999,find-type-definition (name: ContainerResource),find-type-definition,1,find-type-definition-grep,find-type-definition-tgrep,roslyn-find-declarations (pass 2),roslyn-find-declarations-workspaceSymbol (pass 2),2,2,1,28,42130.573700000001,4132.7537000000002,5022.3856999999998,236.29339999999999,4369.0470999999998,47.951300000000003,42178.525000000001,39.301699999999997,42169.875400000004,FALSE
aspire,result-aspire.html,C:\repos\aspire,827010,827.00999999999999,find-type-definition (name: DistributedApplicationBuilder),find-type-definition,1,find-type-definition-grep,find-type-definition-tgrep,roslyn-find-declarations (pass 2),roslyn-find-declarations-workspaceSymbol (pass 2),3,3,1,12,42130.573700000001,4132.7537000000002,5206.6994000000004,400.16359999999997,4532.9173000000001,19.802600000000002,42150.376300000004,151.75149999999999,42282.325199999999,FALSE
aspire,result-aspire.html,C:\repos\aspire,827010,827.00999999999999,find-type-definition (name: ProjectResource),find-type-definition,1,find-type-definition-grep,find-type-definition-tgrep,roslyn-find-declarations (pass 2),roslyn-find-declarations-workspaceSymbol (pass 2),2,2,1,8,42130.573700000001,4132.7537000000002,5072.4369999999999,165.41550000000001,4298.1692000000003,19.3414,42149.915099999998,57.418100000000003,42187.991800000003,FALSE
winforms,result-winforms.html,C:\repos\winforms,986622,986.62199999999996,find-derived-types (name: Control),find-derived-types,820,find-derived-types-grep,find-derived-types-tgrep,roslyn-find-derived-types (pass 2),roslyn-find-derived-types (pass 2),169,144,820,820,26662.733400000001,2617.1858999999999,4698.3725999999997,1156.9324999999999,3774.1183999999998,28.201699999999999,26690.935100000002,28.201699999999999,26690.935100000002,FALSE
winforms,result-winforms.html,C:\repos\winforms,986622,986.62199999999996,find-interface-implementation (name: IButtonControl),find-interface-implementation,24,find-interface-implementation-grep,find-interface-implementation-tgrep,roslyn-find-implementations (pass 2),roslyn-find-implementations (pass 2),3,3,24,24,26662.733400000001,2617.1858999999999,4052.7725,60.634599999999999,2677.8204999999998,3.9598,26666.693200000002,3.9598,26666.693200000002,FALSE
winforms,result-winforms.html,C:\repos\winforms,986622,986.62199999999996,find-member-definition (name: WndProc),find-member-definition,165,find-member-definition-grep,find-member-definition-tgrep,roslyn-find-member-declarations (pass 2),roslyn-find-member-declarations (pass 2),172,164,165,165,26662.733400000001,2617.1858999999999,6883.0515999999998,197.16990000000001,2814.3557999999998,100.52509999999999,26763.2585,100.52509999999999,26763.2585,FALSE
winforms,result-winforms.html,C:\repos\winforms,986622,986.62199999999996,find-type-definition (name: Button),find-type-definition,4,find-type-definition-grep,find-type-definition-tgrep,roslyn-find-declarations (pass 2),roslyn-find-declarations-workspaceSymbol (pass 2),4,4,4,236,26662.733400000001,2617.1858999999999,4833.0929999999998,553.48030000000006,3170.6662000000001,23.241700000000002,26685.9751,166.37960000000001,26829.113000000001,FALSE
winforms,result-winforms.html,C:\repos\winforms,986622,986.62199999999996,find-type-definition (name: Control),find-type-definition,27,find-type-definition-grep,find-type-definition-tgrep,roslyn-find-declarations (pass 2),roslyn-find-declarations-workspaceSymbol (pass 2),27,27,27,389,26662.733400000001,2617.1858999999999,4825.5766000000003,1707.6280999999999,4324.8140000000003,29.768799999999999,26692.502200000003,177.86179999999999,26840.5952,FALSE
winforms,result-winforms.html,C:\repos\winforms,986622,986.62199999999996,find-type-definition (name: Form),find-type-definition,4,find-type-definition-grep,find-type-definition-tgrep,roslyn-find-declarations (pass 2),roslyn-find-declarations-workspaceSymbol (pass 2),4,4,4,187,26662.733400000001,2617.1858999999999,4793.7712000000001,2450.1199000000001,5067.3058000000001,26.5503,26689.2837,195.2722,26858.0056,FALSE
efcore,result-efcore.html,C:\repos\efcore,1520429,1520.4290000000001,find-derived-types (name: DbContext),find-derived-types,791,find-derived-types-grep,find-derived-types-tgrep,roslyn-find-derived-types (pass 2),roslyn-find-derived-types (pass 2),640,640,791,791,19906.291799999999,3375.7858000000001,6096.9360999999999,1269.0959,4644.8816999999999,205.50819999999999,20111.799999999999,205.50819999999999,20111.799999999999,FALSE
efcore,result-efcore.html,C:\repos\efcore,1520429,1520.4290000000001,find-interface-implementation (name: IModel),find-interface-implementation,2,find-interface-implementation-grep,find-interface-implementation-tgrep,roslyn-find-implementations (pass 2),roslyn-find-implementations (pass 2),4,4,2,2,19906.291799999999,3375.7858000000001,5222.9531999999999,339.95949999999999,3715.7453,2.5150999999999999,19908.8069,2.5150999999999999,19908.8069,FALSE
efcore,result-efcore.html,C:\repos\efcore,1520429,1520.4290000000001,find-member-definition (name: SaveChanges),find-member-definition,19,find-member-definition-grep,find-member-definition-tgrep,roslyn-find-member-declarations (pass 2),roslyn-find-member-declarations (pass 2),92,92,19,19,19906.291799999999,3375.7858000000001,9401.1515999999992,388.79230000000001,3764.5781000000002,34.169400000000003,19940.461199999998,34.169400000000003,19940.461199999998,FALSE
efcore,result-efcore.html,C:\repos\efcore,1520429,1520.4290000000001,find-type-definition (name: DbContext),find-type-definition,1,find-type-definition-grep,find-type-definition-tgrep,roslyn-find-declarations (pass 2),roslyn-find-declarations-workspaceSymbol (pass 2),1,1,1,120,19906.291799999999,3375.7858000000001,6180.8419000000004,1172.5554999999999,4548.3413,23.5715,19929.863299999997,267.74299999999999,20174.034799999998,FALSE
efcore,result-efcore.html,C:\repos\efcore,1520429,1520.4290000000001,find-type-definition (name: EntityType),find-type-definition,8,find-type-definition-grep,find-type-definition-tgrep,roslyn-find-declarations (pass 2),roslyn-find-declarations-workspaceSymbol (pass 2),9,9,8,130,19906.291799999999,3375.7858000000001,6285.5992999999999,898.83960000000002,4274.6253999999999,22.848800000000001,19929.140599999999,208.49260000000001,20114.7844,FALSE
efcore,result-efcore.html,C:\repos\efcore,1520429,1520.4290000000001,find-type-definition (name: ModelBuilder),find-type-definition,1,find-type-definition-grep,find-type-definition-tgrep,roslyn-find-declarations (pass 2),roslyn-find-declarations-workspaceSymbol (pass 2),1,1,1,51,19906.291799999999,3375.7858000000001,6194.5100000000002,634.45240000000001,4010.2382000000002,21.119700000000002,19927.411499999998,202.1541,20108.445899999999,FALSE
aspnetcore,result-aspnetcore.html,C:\repos\aspnetcore,1720921,1720.921,find-derived-types (name: DiagnosticAnalyzer),find-derived-types,0,find-derived-types-grep,find-derived-types-tgrep,roslyn-find-derived-types (pass 2),roslyn-find-derived-types (pass 2),39,39,0,0,204179.1011,12236.2799,9111.6664999999994,123.29730000000001,12359.5772,260.69310000000002,204439.7942,260.69310000000002,204439.7942,FALSE
aspnetcore,result-aspnetcore.html,C:\repos\aspnetcore,1720921,1720.921,find-interface-implementation (name: IHostedService),find-interface-implementation,0,find-interface-implementation-grep,find-interface-implementation-tgrep,roslyn-find-implementations (pass 2),roslyn-find-implementations (pass 2),15,15,0,0,204179.1011,12236.2799,8253.0077000000001,71.441999999999993,12307.721899999999,257.93459999999999,204437.03570000001,257.93459999999999,204437.03570000001,FALSE
aspnetcore,result-aspnetcore.html,C:\repos\aspnetcore,1720921,1720.921,find-member-definition (name: InvokeAsync),find-member-definition,183,find-member-definition-grep,find-member-definition-tgrep,roslyn-find-member-declarations (pass 2),roslyn-find-member-declarations (pass 2),457,456,183,183,204179.1011,12236.2799,12307.0682,183.64269999999999,12419.9226,348.7045,204527.80559999999,348.7045,204527.80559999999,FALSE
aspnetcore,result-aspnetcore.html,C:\repos\aspnetcore,1720921,1720.921,find-member-definition (name: StartAsync),find-member-definition,85,find-member-definition-grep,find-member-definition-tgrep,roslyn-find-member-declarations (pass 2),roslyn-find-member-declarations (pass 2),171,171,85,85,204179.1011,12236.2799,12139.7048,252.21430000000001,12488.494199999999,368.93189999999998,204548.033,368.93189999999998,204548.033,FALSE
aspnetcore,result-aspnetcore.html,C:\repos\aspnetcore,1720921,1720.921,find-type-definition (name: MiddlewareAnalyzer),find-type-definition,1,find-type-definition-grep,find-type-definition-tgrep,roslyn-find-declarations (pass 2),roslyn-find-declarations-workspaceSymbol (pass 2),1,1,1,1,204179.1011,12236.2799,9132.8600999999999,55.320700000000002,12291.6006,269.26760000000002,204448.36869999999,118.39230000000001,204297.49340000001,FALSE
aspnetcore,result-aspnetcore.html,C:\repos\aspnetcore,1720921,1720.921,find-type-definition (name: OptionsAnalyzer),find-type-definition,1,find-type-definition-grep,find-type-definition-tgrep,roslyn-find-declarations (pass 2),roslyn-find-declarations-workspaceSymbol (pass 2),1,1,1,1,204179.1011,12236.2799,9153.8896999999997,53.120699999999999,12289.400599999999,242.78630000000001,204421.88740000001,133.74440000000001,204312.8455,FALSE
aspnetcore,result-aspnetcore.html,C:\repos\aspnetcore,1720921,1720.921,find-type-definition (name: StartupAnalysis),find-type-definition,1,find-type-definition-grep,find-type-definition-tgrep,roslyn-find-declarations (pass 2),roslyn-find-declarations-workspaceSymbol (pass 2),1,1,1,2,204179.1011,12236.2799,9133.3016000000007,52.377099999999999,12288.656999999999,276.62670000000003,204455.72779999999,150.4246,204329.5257,FALSE
aspnetcore,result-aspnetcore.html,C:\repos\aspnetcore,1720921,1720.921,find-type-definition (name: TestRunner),find-type-definition,1,find-type-definition-grep,find-type-definition-tgrep,roslyn-find-declarations (pass 2),roslyn-find-declarations-workspaceSymbol (pass 2),1,1,1,12,204179.1011,12236.2799,9195.9603999999999,52.978200000000001,12289.258099999999,554.95399999999995,204734.0551,210.41659999999999,204389.5177,FALSE
wpf,result-wpf.html,C:\repos\wpf,2039850,2039.8499999999999,find-derived-types (name: FrameworkElement),find-derived-types,111,find-derived-types-grep,find-derived-types-tgrep,roslyn-find-derived-types (pass 2),roslyn-find-derived-types (pass 2),111,111,,,285008.08990000002,5258.8638000000001,5458.7398999999996,383.38990000000001,5642.2537000000002,8.4664999999999999,285016.5564,8.4664999999999999,285016.5564,TRUE
wpf,result-wpf.html,C:\repos\wpf,2039850,2039.8499999999999,find-interface-implementation (name: IInputElement),find-interface-implementation,16,find-interface-implementation-grep,find-interface-implementation-tgrep,roslyn-find-implementations (pass 2),roslyn-find-implementations (pass 2),19,16,,,285008.08990000002,5258.8638000000001,4626.2923000000001,155.19970000000001,5414.0635000000002,25.6554,285033.74530000001,25.6554,285033.74530000001,TRUE
wpf,result-wpf.html,C:\repos\wpf,2039850,2039.8499999999999,find-member-definition (name: MeasureOverride),find-member-definition,251,find-member-definition-grep,find-member-definition-tgrep,roslyn-find-member-declarations (pass 2),roslyn-find-member-declarations (pass 2),251,251,,,285008.08990000002,5258.8638000000001,7485.9519,230.3117,5489.1755000000003,12.6151,285020.70500000002,12.6151,285020.70500000002,TRUE
wpf,result-wpf.html,C:\repos\wpf,2039850,2039.8499999999999,find-type-definition (name: DependencyObject),find-type-definition,3,find-type-definition-grep,find-type-definition-tgrep,roslyn-find-declarations (pass 2),roslyn-find-declarations-workspaceSymbol (pass 2),3,3,,,285008.08990000002,5258.8638000000001,5468.8290999999999,668.30769999999995,5927.1715000000004,9.9601000000000006,285018.05000000005,196.22739999999999,285204.3173,TRUE
wpf,result-wpf.html,C:\repos\wpf,2039850,2039.8499999999999,find-type-definition (name: FrameworkElement),find-type-definition,4,find-type-definition-grep,find-type-definition-tgrep,roslyn-find-declarations (pass 2),roslyn-find-declarations-workspaceSymbol (pass 2),4,4,,,285008.08990000002,5258.8638000000001,5559.6776,374.63639999999998,5633.5002000000004,2.2686000000000002,285010.35850000003,47.204000000000001,285055.29390000005,TRUE
wpf,result-wpf.html,C:\repos\wpf,2039850,2039.8499999999999,find-type-definition (name: UIElement),find-type-definition,2,find-type-definition-grep,find-type-definition-tgrep,roslyn-find-declarations (pass 2),roslyn-find-declarations-workspaceSymbol (pass 2),3,2,,,285008.08990000002,5258.8638000000001,5950.1713,451.57479999999998,5710.4386000000004,3.4567000000000001,285011.5466,125.6139,285133.70380000002,TRUE
roslyn,result-roslyn.html,C:\roslyn,6937370,6937.3699999999999,find-derived-types (name: BoundNode),find-derived-types,469,find-derived-types-grep,find-derived-types-tgrep,roslyn-find-derived-types (pass 2),roslyn-find-derived-types (pass 2),21,21,469,469,63199.661899999999,13546.2263,13005.0347,258.92720000000003,13805.1535,12.819900000000001,63212.481800000001,12.819900000000001,63212.481800000001,FALSE
roslyn,result-roslyn.html,C:\roslyn,6937370,6937.3699999999999,find-interface-implementation (name: ISymbol),find-interface-implementation,21,find-interface-implementation-grep,find-interface-implementation-tgrep,roslyn-find-implementations (pass 2),roslyn-find-implementations (pass 2),303,302,21,21,63199.661899999999,13546.2263,12034.5201,798.70960000000002,14344.9359,104.25449999999999,63303.916400000002,104.25449999999999,63303.916400000002,FALSE
roslyn,result-roslyn.html,C:\roslyn,6937370,6937.3699999999999,find-member-definition (name: EmitAsync),find-member-definition,0,find-member-definition-grep,find-member-definition-tgrep,roslyn-find-member-declarations (pass 2),roslyn-find-member-declarations (pass 2),0,0,0,0,63199.661899999999,13546.2263,22148.359799999998,59.440600000000003,13605.6669,78.683999999999997,63278.3459,78.683999999999997,63278.3459,FALSE
roslyn,result-roslyn.html,C:\roslyn,6937370,6937.3699999999999,find-member-definition (name: GetHashCode),find-member-definition,643,find-member-definition-grep,find-member-definition-tgrep,roslyn-find-member-declarations (pass 2),roslyn-find-member-declarations (pass 2),1497,1321,643,643,63199.661899999999,13546.2263,21873.085599999999,796.32169999999996,14342.548000000001,188.00970000000001,63387.671600000001,188.00970000000001,63387.671600000001,FALSE
roslyn,result-roslyn.html,C:\roslyn,6937370,6937.3699999999999,find-type-definition (name: Compilation),find-type-definition,4,find-type-definition-grep,find-type-definition-tgrep,roslyn-find-declarations (pass 2),roslyn-find-declarations-workspaceSymbol (pass 2),6,5,4,167,63199.661899999999,13546.2263,13957.9331,2164.1756999999998,15710.402,63.369399999999999,63263.031300000002,1144.4331999999999,64344.095099999999,FALSE
roslyn,result-roslyn.html,C:\roslyn,6937370,6937.3699999999999,find-type-definition (name: ISymbol),find-type-definition,1,find-type-definition-grep,find-type-definition-tgrep,roslyn-find-declarations (pass 2),roslyn-find-declarations-workspaceSymbol (pass 2),7,6,1,138,63199.661899999999,13546.2263,14109.527099999999,818.99509999999998,14365.2214,64.512600000000006,63264.174500000001,1593.9041,64793.565999999999,FALSE
roslyn,result-roslyn.html,C:\roslyn,6937370,6937.3699999999999,find-type-definition (name: SyntaxKind),find-type-definition,2,find-type-definition-grep,find-type-definition-tgrep,roslyn-find-declarations (pass 2),roslyn-find-declarations-workspaceSymbol (pass 2),2,2,2,15,63199.661899999999,13546.2263,14067.8832,1095.9039,14642.1302,83.730699999999999,63283.392599999999,1223.7864999999999,64423.448400000001,FALSE
roslyn,result-roslyn.html,C:\roslyn,6937370,6937.3699999999999,find-type-definition (name: SyntaxNode),find-type-definition,2,find-type-definition-grep,find-type-definition-tgrep,roslyn-find-declarations (pass 2),roslyn-find-declarations-workspaceSymbol (pass 2),8,8,2,45,63199.661899999999,13546.2263,13988.972299999999,1621.4177,15167.644,67.441500000000005,63267.1034,1288.1180999999999,64487.779999999999,FALSE
runtime,result-runtime.html,C:\repos\runtime,9867483,9867.4830000000002,find-derived-types (name: Stream),find-derived-types,16,find-derived-types-grep,find-derived-types-tgrep,roslyn-find-derived-types (pass 2),roslyn-find-derived-types (pass 2),216,165,16,16,1346103.3894,37894.275300000001,28871.458999999999,2458.9600999999998,40353.235399999998,21.456299999999999,1346124.8456999999,21.456299999999999,1346124.8456999999,FALSE
runtime,result-runtime.html,C:\repos\runtime,9867483,9867.4830000000002,find-interface-implementation (name: IDisposable),find-interface-implementation,522,find-interface-implementation-grep,find-interface-implementation-tgrep,roslyn-find-implementations (pass 2),roslyn-find-implementations (pass 2),1323,1288,522,522,1346103.3894,37894.275300000001,26217.558799999999,1052.3344999999999,38946.609799999998,156.44130000000001,1346259.8307,156.44130000000001,1346259.8307,FALSE
runtime,result-runtime.html,C:\repos\runtime,9867483,9867.4830000000002,find-member-definition (name: GetHashCode),find-member-definition,1656,find-member-definition-grep,find-member-definition-tgrep,roslyn-find-member-declarations (pass 2),roslyn-find-member-declarations (pass 2),2507,2352,1656,1656,1346103.3894,37894.275300000001,47552.6158,1485.8702000000001,39380.145499999999,921.25369999999998,1347024.6431,921.25369999999998,1347024.6431,FALSE
runtime,result-runtime.html,C:\repos\runtime,9867483,9867.4830000000002,find-member-definition (name: TryParse),find-member-definition,594,find-member-definition-grep,find-member-definition-tgrep,roslyn-find-member-declarations (pass 2),roslyn-find-member-declarations (pass 2),835,616,594,594,1346103.3894,37894.275300000001,47660.430399999997,731.39369999999997,38625.669000000002,687.0702,1346790.4595999999,687.0702,1346790.4595999999,FALSE
runtime,result-runtime.html,C:\repos\runtime,9867483,9867.4830000000002,find-type-definition (name: ArrayPool),find-type-definition,2,find-type-definition-grep,find-type-definition-tgrep,roslyn-find-declarations (pass 2),roslyn-find-declarations-workspaceSymbol (pass 2),2,1,2,12,1346103.3894,37894.275300000001,30793.7592,262.67590000000001,38156.951200000003,337.7002,1346441.0896000001,1021.9772,1347125.3666000001,FALSE
runtime,result-runtime.html,C:\repos\runtime,9867483,9867.4830000000002,find-type-definition (name: IServiceProvider),find-type-definition,2,find-type-definition-grep,find-type-definition-tgrep,roslyn-find-declarations (pass 2),roslyn-find-declarations-workspaceSymbol (pass 2),2,2,2,13,1346103.3894,37894.275300000001,29824.716700000001,182.6481,38076.9234,337.3254,1346440.7148,746.07989999999995,1346849.4693,FALSE
runtime,result-runtime.html,C:\repos\runtime,9867483,9867.4830000000002,find-type-definition (name: Span),find-type-definition,2,find-type-definition-grep,find-type-definition-tgrep,roslyn-find-declarations (pass 2),roslyn-find-declarations-workspaceSymbol (pass 2),3,2,2,123,1346103.3894,37894.275300000001,30515.025099999999,4126.902,42021.177300000003,347.98140000000001,1346451.3707999999,1443.0034000000001,1347546.3928,FALSE
runtime,result-runtime.html,C:\repos\runtime,9867483,9867.4830000000002,find-type-definition (name: Task),find-type-definition,4,find-type-definition-grep,find-type-definition-tgrep,roslyn-find-declarations (pass 2),roslyn-find-declarations-workspaceSymbol (pass 2),7,4,4,199,1346103.3894,37894.275300000001,289770.5833,2474.6716000000001,40368.946900000003,363.84010000000001,1346467.2294999999,1280.6190999999999,1347384.0085,FALSE
